<?xml version="1.0" encoding="UTF-8" ?>
<feedback>
 <report_metadata>
  <org_name>receivingdomain.xyz</org_name>
  <email>postmaster@receivingdomain.xyz.xyz</email>
  <report_id>domaintoprotect.xyz:1598824801</report_id>
  <date_range>
   <begin>1598821201</begin>
   <end>1598824801</end>
  </date_range>
 </report_metadata>
 <policy_published>
  <domain>domaintoprotect.xyz</domain>
  <adkim>s</adkim>
  <aspf>s</aspf>
  <p>reject</p>
  <sp>reject</sp>
  <pct>100</pct>
 </policy_published>
 <record>
  <row>
   <source_ip>192.168.7.110</source_ip>
   <count>1</count>
   <policy_evaluated>
    <disposition>none</disposition>
    <dkim>pass</dkim>
    <spf>pass</spf>
   </policy_evaluated>
  </row>
  <identifiers>
   <header_from>domaintoprotect.xyz</header_from>
  </identifiers>
  <auth_results>
   <spf>
    <domain>domaintoprotect.xyz</domain>
    <result>pass</result>
   </spf>
   <dkim>
    <domain>domaintoprotect.xyz</domain>
    <result>pass</result>
   </dkim>
  </auth_results>
 </record>
 <record>
  <row>
   <source_ip>192.168.7.140</source_ip>
   <count>1</count>
   <policy_evaluated>
    <disposition>none</disposition>
    <dkim>pass</dkim>
    <spf>fail</spf>
   </policy_evaluated>
  </row>
  <identifiers>
   <header_from>domaintoprotect.xyz</header_from>
  </identifiers>
  <auth_results>
   <spf>
    <domain>domaintoprotect.xyz</domain>
    <result>softfail</result>
   </spf>
   <dkim>
    <domain>domaintoprotect.xyz</domain>
    <result>pass</result>
   </dkim>
  </auth_results>
 </record>
 <record>
  <row>
   <source_ip>192.168.7.72</source_ip>
   <count>1</count>
   <policy_evaluated>
    <disposition>reject</disposition>
    <dkim>fail</dkim>
    <spf>fail</spf>
   </policy_evaluated>
  </row>
  <identifiers>
   <header_from>domaintoprotect.xyz</header_from>
  </identifiers>
  <auth_results>
   <spf>
    <domain>domaintoprotect.xyz</domain>
    <result>softfail</result>
   </spf>
  </auth_results>
 </record>
 <record>
  <row>
   <source_ip>192.168.7.140</source_ip>
   <count>1</count>
   <policy_evaluated>
    <disposition>reject</disposition>
    <dkim>fail</dkim>
    <spf>fail</spf>
   </policy_evaluated>
  </row>
  <identifiers>
   <header_from>domaintoprotect.xyz</header_from>
  </identifiers>
  <auth_results>
   <spf>
    <domain>domaintoprotect.xyz</domain>
    <result>softfail</result>
   </spf>
  </auth_results>
 </record>
</feedback>
